{"best_lr": 5e-05, "best_batch": 16, "best_epochs": 2, "best_wd": 0.05, "best_warmup": 0.1, "best_threshold": 0.49000000000000016, "eval_metrics": {"accuracy": 0.8745, "precision": 0.8598984771573605, "recall": 0.8822916666666667, "f1": 0.8709511568123394}}